ticker,Price,marketCap,Volume,exchange,shortname,quoteType,index,score,typeDisp,longname,exchDisp,sector,industry,dispSecIndFlag,isYahooFinance,prevName,nameChangeDate
QCOM,123.68000030517578,137903208255.79102,5523800,NMS,QUALCOMM Incorporated,EQUITY,quotes,6937800.0,Equity,QUALCOMM Incorporated,NASDAQ,Technology,Semiconductors,True,True,,
NEM,44.099998474121094,35006313483.166504,6482500,NYQ,Newmont Corporation,EQUITY,quotes,4500900.0,Equity,Newmont Corporation,NYSE,Basic Materials,Gold,True,True,,
TDG,750.9400024414062,40999897347.29614,196900,NYQ,Transdigm Group Incorporated,EQUITY,quotes,2237500.0,Equity,TransDigm Group Incorporated,NYSE,Industrials,Aerospace & Defense,True,True,,
GEN,19.190000534057617,12264886311.891724,3523300,NMS,Gen Digital Inc.,EQUITY,quotes,2419100.0,Equity,Gen Digital Inc.,NASDAQ,Technology,Software—Infrastructure,False,True,NortonLifeLock Inc.,2023-03-02
WMB,29.940000534057617,36678595017.13794,7374500,NYQ,"Williams Companies, Inc. (The)",EQUITY,quotes,3389100.0,Equity,"The Williams Companies, Inc.",NYSE,Energy,Oil & Gas Midstream,True,True,,
ADP,219.55999755859375,90975124108.39844,1387800,NMS,"Automatic Data Processing, Inc.",EQUITY,quotes,2557500.0,Equity,"Automatic Data Processing, Inc.",NASDAQ,Industrials,Staffing & Employment Services,True,True,,
FLT,213.5,15690456600.0,529400,NYQ,"FleetCor Technologies, Inc.",EQUITY,quotes,2121300.0,Equity,"FLEETCOR Technologies, Inc.",NYSE,Technology,Software—Infrastructure,False,True,,
ADI,183.11000061035156,92626741673.86816,2600300,NMS,"Analog Devices, Inc.",EQUITY,quotes,2873700.0,Equity,"Analog Devices, Inc.",NASDAQ,Technology,Semiconductors,True,True,,
MPWR,486.5299987792969,23015301592.25464,281500,NMS,"Monolithic Power Systems, Inc.",EQUITY,quotes,2293500.0,Equity,"Monolithic Power Systems, Inc.",NASDAQ,Technology,Semiconductors,True,True,,
BN.PA,53.349998474121094,34251764313.155273,234220,PAR,DANONE,EQUITY,quotes,2084300.0,Equity,Danone S.A.,Paris,Consumer Defensive,Packaged Foods,,True,,
CNC,68.51000213623047,37767167971.86914,3447500,NYQ,Centene Corporation,EQUITY,quotes,2695400.0,Equity,Centene Corporation,NYSE,Healthcare,Healthcare Plans,True,True,,
PWR,159.64999389648438,22989757493.887695,957400,NYQ,"Quanta Services, Inc.",EQUITY,quotes,2408000.0,Equity,"Quanta Services, Inc.",NYSE,Industrials,Engineering & Construction,True,True,,
BBWI,39.40999984741211,9001835430.426636,4462500,NYQ,"Bath & Body Works, Inc.",EQUITY,quotes,2396300.0,Equity,"Bath & Body Works, Inc.",NYSE,Consumer Cyclical,Specialty Retail,True,True,"L Brands, Inc.",2023-03-02
IRM,52.58000183105469,15295312212.646484,1403700,NYQ,Iron Mountain Incorporated (Del,EQUITY,quotes,2638300.0,Equity,Iron Mountain Incorporated,NYSE,Real Estate,REIT—Specialty,True,True,,
ZION,50.439998626708984,7497854952.341675,1128600,NMS,Zions Bancorporation N.A.,EQUITY,quotes,2153600.0,Equity,"Zions Bancorporation, National Association",NASDAQ,Financial Services,Banks—Regional,False,True,,
TXN,172.1699981689453,156021488115.40723,4647800,NMS,Texas Instruments Incorporated,EQUITY,quotes,3302600.0,Equity,Texas Instruments Incorporated,NASDAQ,Technology,Semiconductors,True,True,,
DIS,98.54000091552734,180013857495.8545,7883900,NYQ,Walt Disney Company (The),EQUITY,quotes,12402500.0,Equity,The Walt Disney Company,NYSE,Communication Services,Entertainment,True,True,,
AEE,81.04000091552734,21234829751.574707,1841700,NYQ,Ameren Corporation,EQUITY,quotes,2265100.0,Equity,Ameren Corporation,NYSE,Utilities,Utilities—Regulated Electric,True,True,,
MOH,273.79998779296875,15853019293.21289,439500,NYQ,Molina Healthcare Inc,EQUITY,quotes,2282000.0,Equity,"Molina Healthcare, Inc.",NYSE,Healthcare,Healthcare Plans,True,True,,
BIO,475.4100036621094,11657813945.800781,194900,NYQ,"Bio-Rad Laboratories, Inc.",EQUITY,quotes,2139800.0,Equity,"Bio-Rad Laboratories, Inc.",NYSE,Healthcare,Medical Devices,False,True,,
ABI.BR,56.02000045776367,112231031806.04834,688283,BRU,AB INBEV,EQUITY,quotes,2141600.0,Equity,Anheuser-Busch InBev SA/NV,Brussels Stock Exchange,Consumer Defensive,Beverages—Brewers,,True,,
DLR,100.83000183105469,29991482337.91992,2351800,NYQ,"Digital Realty Trust, Inc.",EQUITY,quotes,2819000.0,Equity,"Digital Realty Trust, Inc.",NYSE,Real Estate,REIT—Specialty,True,True,,
SIVB,283.0299987792969,16755630654.733276,393400,NMS,SVB Financial Group,EQUITY,quotes,2361700.0,Equity,SVB Financial Group,NASDAQ,Financial Services,Banks—Regional,True,True,,
ILMN,198.5399932861328,31369318939.208984,1435900,NMS,"Illumina, Inc.",EQUITY,quotes,2629600.0,Equity,"Illumina, Inc.",NASDAQ,Healthcare,Diagnostics & Research,True,True,,
BMW.DE,98.75,65920071120.0,228617,GER,BAYERISCHE MOTOREN WERKE AG,EQUITY,quotes,2336300.0,Equity,Bayerische Motoren Werke Aktiengesellschaft,XETRA,Consumer Cyclical,Auto Manufacturers,,True,,
AIG,60.959999084472656,44942574981.990234,4360100,NYQ,"American International Group, I",EQUITY,quotes,2516100.0,Equity,"American International Group, Inc.",NYSE,Financial Services,Insurance—Diversified,True,True,,
ALK,48.220001220703125,6150075395.690918,1236000,NYQ,"Alaska Air Group, Inc.",EQUITY,quotes,2400700.0,Equity,"Alaska Air Group, Inc.",NYSE,Industrials,Airlines,False,True,,
NWL,14.4399995803833,5972383826.446533,4072700,NMS,Newell Brands Inc.,EQUITY,quotes,2726400.0,Equity,Newell Brands Inc.,NASDAQ,Consumer Defensive,Household & Personal Products,True,True,,
ULTA,516.02001953125,26255511409.765625,458100,NMS,"Ulta Beauty, Inc.",EQUITY,quotes,3172100.0,Equity,"Ulta Beauty, Inc.",NASDAQ,Consumer Cyclical,Specialty Retail,True,True,,
RTX,98.04000091552734,143623700909.8418,3739900,NYQ,Raytheon Technologies Corporati,EQUITY,quotes,4745600.0,Equity,Raytheon Technologies Corporation,NYSE,Industrials,Aerospace & Defense,True,True,,
MSCI,515.4500122070312,41215382976.07422,375500,NYQ,MSCI Inc,EQUITY,quotes,2304900.0,Equity,MSCI Inc.,NYSE,Financial Services,Financial Data & Stock Exchanges,False,True,,
MNST,99.19000244140625,51789579231.19922,5675300,NMS,Monster Beverage Corporation,EQUITY,quotes,4043700.0,Equity,Monster Beverage Corporation,NASDAQ,Consumer Defensive,Beverages—Non-Alcoholic,True,True,,
CRM,167.35000610351562,167350006103.51562,15589000,NYQ,"Salesforce, Inc.",EQUITY,quotes,33109700.0,Equity,"Salesforce, Inc.",NYSE,Technology,Software—Application,True,True,"salesforce.com, inc.",2023-03-02
TROW,111.12999725341797,24937461142.709717,1364900,NMS,"T. Rowe Price Group, Inc.",EQUITY,quotes,2872000.0,Equity,"T. Rowe Price Group, Inc.",NASDAQ,Financial Services,Asset Management,True,True,,
ICE,100.9000015258789,56388067559.938965,2864200,NYQ,Intercontinental Exchange Inc.,EQUITY,quotes,2359700.0,Equity,"Intercontinental Exchange, Inc.",NYSE,Financial Services,Financial Data & Stock Exchanges,False,True,,
LNT,50.25,12619684500.0,2108700,NMS,Alliant Energy Corporation,EQUITY,quotes,2262700.0,Equity,Alliant Energy Corporation,NASDAQ,Utilities,Utilities—Regulated Electric,False,True,,
FSLR,195.67999267578125,20860661299.194336,15199500,NMS,"First Solar, Inc.",EQUITY,quotes,14339900.0,Equity,"First Solar, Inc.",NASDAQ,Technology,Solar,True,True,,
PSX,107.23999786376953,49749386546.907715,4580500,NYQ,Phillips 66,EQUITY,quotes,3956400.0,Equity,Phillips 66,NYSE,Energy,Oil & Gas Refining & Marketing,True,True,,
CCL,10.59000015258789,13762975659.42627,26853600,NYQ,Carnival Corporation,EQUITY,quotes,8389600.0,Equity,Carnival Corporation & plc,NYSE,Consumer Cyclical,Travel Services,True,True,,
BR,139.99000549316406,16475843716.506958,386900,NYM,Brent Crude Oil Last Day Financ,FUTURE,quotes,3473700.0,Future,,NY Mercantile,,,,True,,
ISRG,227.3300018310547,79654162978.86328,1290000,NMS,"Intuitive Surgical, Inc.",EQUITY,quotes,3293900.0,Equity,"Intuitive Surgical, Inc.",NASDAQ,Healthcare,Medical Instruments & Supplies,True,True,,
STLD,129.1199951171875,22669727695.679688,1871000,NMS,"Steel Dynamics, Inc.",EQUITY,quotes,3444200.0,Equity,"Steel Dynamics, Inc.",NASDAQ,Basic Materials,Steel,True,True,,
AVY,181.1199951171875,14639004768.867188,385400,NYQ,Avery Dennison Corporation,EQUITY,quotes,2115900.0,Equity,Avery Dennison Corporation,NYSE,Consumer Cyclical,Packaging & Containers,False,True,,
CDAY,72.0199966430664,11080780047.352295,837700,NYQ,Ceridian HCM Holding Inc.,EQUITY,quotes,2085800.0,Equity,Ceridian HCM Holding Inc.,NYSE,Technology,Software—Application,True,True,,
KMB,124.72000122070312,42087265287.45117,1338700,NYQ,Kimberly-Clark Corporation,EQUITY,quotes,2775600.0,Equity,Kimberly-Clark Corporation,NYSE,Consumer Defensive,Household & Personal Products,True,True,,
PFE,40.18000030517578,225774232386.16406,21092500,NYQ,"Pfizer, Inc.",EQUITY,quotes,18871800.0,Equity,Pfizer Inc.,NYSE,Healthcare,Drug Manufacturers—General,True,True,,
AWK,138.13999938964844,25122003254.12207,6564700,NYQ,"American Water Works Company, I",EQUITY,quotes,2729600.0,Equity,"American Water Works Company, Inc.",NYSE,Utilities,Utilities—Regulated Water,True,True,,
CPRT,69.80000305175781,33266192296.046387,1894100,NMS,"Copart, Inc.",EQUITY,quotes,2296500.0,Equity,"Copart, Inc.",NASDAQ,Consumer Cyclical,Auto & Truck Dealerships,True,True,,
PG,137.66000366210938,324759234254.78906,7097900,NYQ,Procter & Gamble Company (The),EQUITY,quotes,5998600.0,Equity,The Procter & Gamble Company,NYSE,Consumer Defensive,Household & Personal Products,True,True,,
SLB,54.88999938964844,78360963128.66211,7166500,NYQ,Schlumberger N.V.,EQUITY,quotes,3890400.0,Equity,Schlumberger Limited,NYSE,Energy,Oil & Gas Equipment & Services,True,True,,
LIN.DE,326.8500061035156,162889952206.5664,0,GER,"LINDE PLC  EO 0,001",EQUITY,quotes,2044700.0,Equity,Linde plc,XETRA,Basic Materials,Specialty Chemicals,,True,,
ATVI,75.72000122070312,59385227025.8457,4284300,NMS,"Activision Blizzard, Inc",EQUITY,quotes,3666100.0,Equity,"Activision Blizzard, Inc.",NASDAQ,Communication Services,Electronic Gaming & Multimedia,True,True,,
KDP,34.189998626708984,48086525209.654785,8861100,NMS,Keurig Dr Pepper Inc.,EQUITY,quotes,2752800.0,Equity,Keurig Dr Pepper Inc.,NASDAQ,Consumer Defensive,Beverages—Non-Alcoholic,True,True,,
EL.PA,162.89999389648438,73012267267.58594,132098,PAR,ESSILORLUXOTTICA,EQUITY,quotes,2049200.0,Equity,EssilorLuxottica Société anonyme,Paris,Healthcare,Medical Instruments & Supplies,,True,,
PAYC,284.510009765625,17161956750.073242,530900,NYQ,"Paycom Software, Inc.",EQUITY,quotes,2362800.0,Equity,"Paycom Software, Inc.",NYSE,Technology,Software—Application,False,True,,
SEE,48.91999816894531,7042620776.397705,1515600,NYQ,Sealed Air Corporation,EQUITY,quotes,2129500.0,Equity,Sealed Air Corporation,NYSE,Consumer Cyclical,Packaging & Containers,False,True,,
CVS,82.47000122070312,105900549308.95703,7437400,NYQ,CVS Health Corporation,EQUITY,quotes,7675400.0,Equity,CVS Health Corporation,NYSE,Healthcare,Healthcare Plans,True,True,,
PXD,205.42999267578125,48276869998.7793,3580800,NYQ,Pioneer Natural Resources Compa,EQUITY,quotes,8434300.0,Equity,Pioneer Natural Resources Company,NYSE,Energy,Oil & Gas E&P,True,True,,
AVGO,593.5700073242188,247473581733.64258,1547300,NMS,Broadcom Inc.,EQUITY,quotes,6540900.0,Equity,Broadcom Inc.,NASDAQ,Technology,Semiconductors,True,True,,
DPZ,301.7300109863281,10681061350.909424,1368000,NYQ,Domino's Pizza Inc,EQUITY,quotes,3741000.0,Equity,"Domino's Pizza, Inc.",NYSE,Consumer Cyclical,Restaurants,True,True,,
TTWO,108.69999694824219,18241925657.45703,1011700,NMS,"Take-Two Interactive Software, ",EQUITY,quotes,2506100.0,Equity,"Take-Two Interactive Software, Inc.",NASDAQ,Communication Services,Electronic Gaming & Multimedia,True,True,,
PNC,155.2100067138672,62239212692.26074,2504800,NYQ,"PNC Financial Services Group, I",EQUITY,quotes,2572300.0,Equity,"The PNC Financial Services Group, Inc.",NYSE,Financial Services,Banks—Regional,True,True,,
GM,38.720001220703125,54000462502.44141,14155800,NYQ,General Motors Company,EQUITY,quotes,6511200.0,Equity,General Motors Company,NYSE,Consumer Cyclical,Auto Manufacturers,False,True,,
CCI,128.9600067138672,55845872987.42676,2021800,NYQ,Crown Castle Inc.,EQUITY,quotes,2979400.0,Equity,Crown Castle Inc.,NYSE,Real Estate,REIT—Specialty,True,True,Crown Castle International Corp. (REIT),2023-03-02
ACN,263.5899963378906,166127068011.9629,1700500,NYQ,Accenture plc,EQUITY,quotes,3155700.0,Equity,Accenture plc,NYSE,Technology,Information Technology Services,True,True,,
CRG.IR,49.029998779296875,36491950215.9375,1614025,ISE,CRH PLC,EQUITY,quotes,2016800.0,Equity,CRH plc,Irish,Basic Materials,Building Materials,,True,,
PEP,171.3300018310547,236043048598.82227,5355200,NMS,"Pepsico, Inc.",EQUITY,quotes,5700200.0,Equity,"PepsiCo, Inc.",NASDAQ,Consumer Defensive,Beverages—Non-Alcoholic,True,True,,
STX,64.12000274658203,13239754647.125244,1908400,NMS,Seagate Technology Holdings PLC,EQUITY,quotes,2656000.0,Equity,Seagate Technology Holdings plc,NASDAQ,Technology,Computer Hardware,True,True,Seagate Technology plc,2023-03-02
ADYEN.AS,1328.800048828125,41174596953.00293,21179,AMS,ADYEN,EQUITY,quotes,2182100.0,Equity,Adyen N.V.,Amsterdam,Technology,Software—Infrastructure,,True,,
TFX,233.66000366210938,10960149595.776367,315700,NYQ,Teleflex Incorporated,EQUITY,quotes,2092800.0,Equity,Teleflex Incorporated,NYSE,Healthcare,Medical Instruments & Supplies,True,True,,
SAN.MC,3.679500102996826,61662903771.25635,11122152,MCE,BANCO SANTANDER S.A.,EQUITY,quotes,2245800.0,Equity,"Banco Santander, S.A.",Madrid Stock Exchange CATS,Financial Services,Banks—Diversified,,True,,
CSX,30.860000610351562,64880373389.44922,10815600,NMS,CSX Corporation,EQUITY,quotes,2867200.0,Equity,CSX Corporation,NASDAQ,Industrials,Railroads,True,True,,
ARE,142.91000366210938,24735864947.143555,1675900,NYQ,Alexandria Real Estate Equities,EQUITY,quotes,2301300.0,Equity,"Alexandria Real Estate Equities, Inc.",NYSE,Real Estate,REIT—Office,False,True,,
CE,119.70999908447266,12985422440.689087,1368200,NYQ,Celanese Corporation Celanese C,EQUITY,quotes,2539000.0,Equity,Celanese Corporation,NYSE,Basic Materials,Chemicals,False,True,,
MOS,54.2599983215332,18474498054.43396,3645700,NYQ,Mosaic Company (The),EQUITY,quotes,3525800.0,Equity,The Mosaic Company,NYSE,Basic Materials,Agricultural Inputs,True,True,,
TMO,538.52001953125,211205397580.07812,1126000,NYQ,Thermo Fisher Scientific Inc,EQUITY,quotes,2815400.0,Equity,Thermo Fisher Scientific Inc.,NYSE,Healthcare,Diagnostics & Research,True,True,,
NXPI,178.8699951171875,46351477615.65234,900000,NMS,NXP Semiconductors N.V.,EQUITY,quotes,2537200.0,Equity,NXP Semiconductors N.V.,NASDAQ,Technology,Semiconductors,True,True,,
MMC,162.00999450683594,80194947280.88379,1549100,NYQ,"Marsh & McLennan Companies, Inc",EQUITY,quotes,2276400.0,Equity,"Marsh & McLennan Companies, Inc.",NYSE,Financial Services,Insurance Brokers,True,True,,
TT,185.66000366210938,42758799948.68945,1386100,NYQ,Trane Technologies plc,EQUITY,quotes,2293300.0,Equity,Trane Technologies plc,NYSE,Industrials,Building Products & Equipment,False,True,,
NRG,33.02000045776367,7607279785.461426,3057200,NYQ,"NRG Energy, Inc.",EQUITY,quotes,2673100.0,Equity,"NRG Energy, Inc.",NYSE,Utilities,Utilities—Independent Power Producers,True,True,,
CHRW,99.37999725341797,11697920096.702576,1075800,NMS,"C.H. Robinson Worldwide, Inc.",EQUITY,quotes,2186000.0,Equity,"C.H. Robinson Worldwide, Inc.",NASDAQ,Industrials,Integrated Freight & Logistics,True,True,,
EA,110.41000366210938,30481993811.035156,2011800,NMS,Electronic Arts Inc.,EQUITY,quotes,2641700.0,Equity,Electronic Arts Inc.,NASDAQ,Communication Services,Electronic Gaming & Multimedia,False,True,,
RHI,80.83999633789062,8771058762.664795,722300,NYQ,Robert Half International Inc.,EQUITY,quotes,2128100.0,Equity,Robert Half International Inc.,NYSE,Industrials,Staffing & Employment Services,True,True,,
SAP.DE,106.22000122070312,124234913427.73438,301707,GER,SAP SE,EQUITY,quotes,2114500.0,Equity,SAP SE,XETRA,Technology,Software—Application,,True,,
SWKS,111.83999633789062,17779651577.819824,1618800,NMS,"Skyworks Solutions, Inc.",EQUITY,quotes,2739700.0,Equity,"Skyworks Solutions, Inc.",NASDAQ,Technology,Semiconductors,True,True,,
ZTS,167.57000732421875,78099688453.61328,1594200,NYQ,Zoetis Inc.,EQUITY,quotes,2489800.0,Equity,Zoetis Inc.,NYSE,Healthcare,Drug Manufacturers—Specialty & Generic,True,True,,
KLAC,378.3399963378906,52392522692.87109,731600,NMS,KLA Corporation,EQUITY,quotes,2611200.0,Equity,KLA Corporation,NASDAQ,Technology,Semiconductor Equipment & Materials,True,True,,
JNPR,30.530000686645508,9908694902.85492,2452900,NYQ,"Juniper Networks, Inc.",EQUITY,quotes,2355000.0,Equity,"Juniper Networks, Inc.",NYSE,Technology,Communication Equipment,True,True,,
MKC,72.97000122070312,19549976787.04834,1403800,NYQ,"McCormick & Company, Incorporat",EQUITY,quotes,2479500.0,Equity,"McCormick & Company, Incorporated",NYSE,Consumer Defensive,Packaged Foods,True,True,,
ZBH,122.08000183105469,25618732544.25049,848800,NYQ,"Zimmer Biomet Holdings, Inc.",EQUITY,quotes,2208300.0,Equity,"Zimmer Biomet Holdings, Inc.",NYSE,Healthcare,Medical Devices,True,True,,
RMS.PA,1713.5,181128944500.0,15089,PAR,HERMES INTL,EQUITY,quotes,2156400.0,Equity,Hermès International Société en commandite par actions,Paris,Consumer Cyclical,Luxury Goods,,True,,
RMD,214.11000061035156,31454684366.786133,518900,NYQ,ResMed Inc.,EQUITY,quotes,2174200.0,Equity,ResMed Inc.,NYSE,Healthcare,Medical Instruments & Supplies,True,True,,
PLD,121.12999725341797,111854951264.68652,3757800,NYQ,"Prologis, Inc.",EQUITY,quotes,2926700.0,Equity,"Prologis, Inc.",NYSE,Real Estate,REIT—Industrial,True,True,,
CVX,162.0500030517578,313346357529.8008,7464500,NYQ,Chevron Corporation,EQUITY,quotes,10438900.0,Equity,Chevron Corporation,NYSE,Energy,Oil & Gas Integrated,True,True,,
INVH,30.360000610351562,18639462626.24414,2891500,NYQ,Invitation Homes Inc.,EQUITY,quotes,2191200.0,Equity,Invitation Homes Inc.,NYSE,Real Estate,REIT—Residential,True,True,,
AMCR,11.149999618530273,16602572788.783936,5790400,NYQ,Amcor plc,EQUITY,quotes,2313300.0,Equity,Amcor plc,NYSE,Consumer Cyclical,Packaging & Containers,True,True,,
CME,184.22999572753906,66272687903.07617,1713800,NMS,CME Group Inc.,EQUITY,quotes,2649900.0,Equity,CME Group Inc.,NASDAQ,Financial Services,Financial Data & Stock Exchanges,True,True,,
BAS.DE,48.09000015258789,42965338915.20752,1340954,GER,BASF SE,EQUITY,quotes,2412200.0,Equity,BASF SE,XETRA,Basic Materials,Chemicals,,True,,
META,173.4199981689453,454741930297.4883,30957700,NMS,"Meta Platforms, Inc.",EQUITY,quotes,26755700.0,Equity,"Meta Platforms, Inc.",NASDAQ,Communication Services,Internet Content & Information,True,True,"Facebook, Inc.",2023-03-02
CNP,27.360000610351562,17224105344.23828,4220300,NYQ,"CenterPoint Energy, Inc (Holdin",EQUITY,quotes,2288700.0,Equity,"CenterPoint Energy, Inc.",NYSE,Utilities,Utilities—Regulated Electric,True,True,,
BNP.PA,62.7599983215332,80779649039.61182,1152738,PAR,BNP PARIBAS ACT.A,EQUITY,quotes,2289500.0,Equity,BNP Paribas SA,Paris,Financial Services,Banks—Regional,,True,,
LOW,194.30999755859375,117499833790.23438,9811800,NYQ,"Lowe's Companies, Inc.",EQUITY,quotes,16983300.0,Equity,"Lowe's Companies, Inc.",NYSE,Consumer Cyclical,Home Improvement Retail,True,True,,
DD,73.66999816894531,36598444130.99219,2620500,NYQ,"DuPont de Nemours, Inc.",EQUITY,quotes,2620900.0,Equity,"DuPont de Nemours, Inc.",NYSE,Basic Materials,Specialty Chemicals,False,True,,
AMZN,92.16999816894531,944493631084.9531,52145000,NMS,"Amazon.com, Inc.",EQUITY,quotes,40050800.0,Equity,"Amazon.com, Inc.",NASDAQ,Consumer Cyclical,Internet Retail,True,True,,
NUE,170.74000549316406,43197221389.77051,1805000,NYQ,Nucor Corporation,EQUITY,quotes,3761500.0,Equity,Nucor Corporation,NYSE,Basic Materials,Steel,True,True,,
MU,57.34000015258789,62568263201.38086,9130000,NMS,"Micron Technology, Inc.",EQUITY,quotes,6285000.0,Equity,"Micron Technology, Inc.",NASDAQ,Technology,Semiconductors,False,True,,
YUM,126.19999694824219,35549024740.356445,1635100,NYQ,"Yum! Brands, Inc.",EQUITY,quotes,2530300.0,Equity,"Yum! Brands, Inc.",NYSE,Consumer Cyclical,Restaurants,True,True,,
D,54.7400016784668,45613475336.54443,7610500,NYQ,"Dominion Energy, Inc.",EQUITY,quotes,5307400.0,Equity,"Dominion Energy, Inc.",NYSE,Utilities,Utilities—Regulated Electric,True,True,,
GL,121.66000366210938,11833892888.214111,568700,NYQ,Globe Life Inc.,EQUITY,quotes,2099800.0,Equity,Globe Life Inc.,NYSE,Financial Services,Insurance—Life,False,True,,
HAL,37.5099983215332,34060840545.6333,6127600,NYQ,Halliburton Company,EQUITY,quotes,3995400.0,Equity,Halliburton Company,NYSE,Energy,Oil & Gas Equipment & Services,False,True,,
WEC,86.56999969482422,27307208546.296875,1676900,NYQ,"WEC Energy Group, Inc.",EQUITY,quotes,2489400.0,Equity,"WEC Energy Group, Inc.",NYSE,Utilities,Utilities—Regulated Electric,True,True,,
RF,23.360000610351562,21828659504.100586,6898600,NYQ,Regions Financial Corporation,EQUITY,quotes,2451700.0,Equity,Regions Financial Corporation,NYSE,Financial Services,Banks—Regional,False,True,,
FANG,144.6199951171875,26309126048.683594,3477000,NMS,"Diamondback Energy, Inc.",EQUITY,quotes,4076200.0,Equity,"Diamondback Energy, Inc.",NASDAQ,Energy,Oil & Gas E&P,True,True,,
TDY,428.3999938964844,20079578953.92151,140300,NYQ,Teledyne Technologies Incorpora,EQUITY,quotes,2141400.0,Equity,Teledyne Technologies Incorporated,NYSE,Technology,Scientific & Technical Instruments,True,True,,
TMUS,141.2899932861328,175785947407.58203,4352600,NMS,"T-Mobile US, Inc.",EQUITY,quotes,3385800.0,Equity,"T-Mobile US, Inc.",NASDAQ,Communication Services,Telecom Services,True,True,,
MAR,169.44000244140625,53634538372.802734,1799000,NMS,Marriott International,EQUITY,quotes,2691800.0,Equity,"Marriott International, Inc.",NASDAQ,Consumer Cyclical,Lodging,False,True,,
MAA,155.5800018310547,18463612297.302246,820000,NYQ,Mid-America Apartment Communiti,EQUITY,quotes,2319900.0,Equity,"Mid-America Apartment Communities, Inc.",NYSE,Real Estate,REIT—Residential,True,True,,
HBAN,15.300000190734863,22078970540.84375,11757100,NMS,Huntington Bancshares Incorpora,EQUITY,quotes,2671000.0,Equity,Huntington Bancshares Incorporated,NASDAQ,Financial Services,Banks—Regional,True,True,,
KO,58.86000061035156,254540673482.35156,13270400,NYQ,Coca-Cola Company (The),EQUITY,quotes,9599300.0,Equity,The Coca-Cola Company,NYSE,Consumer Defensive,Beverages—Non-Alcoholic,False,True,,
CLX,154.69000244140625,19086425951.23291,989300,NYQ,Clorox Company (The),EQUITY,quotes,2580400.0,Equity,The Clorox Company,NYSE,Consumer Defensive,Household & Personal Products,True,True,,
DFS,112.94000244140625,30154980651.85547,1806200,NYQ,Discover Financial Services,EQUITY,quotes,2431100.0,Equity,Discover Financial Services,NYSE,Financial Services,Credit Services,True,True,,
IR,58.040000915527344,23501906339.36084,2076400,NYQ,Ingersoll Rand Inc.,EQUITY,quotes,2308900.0,Equity,Ingersoll Rand Inc.,NYSE,Industrials,Specialty Industrial Machinery,False,True,,
TJX,76.86000061035156,88811733164.78125,5512900,NYQ,"TJX Companies, Inc. (The)",EQUITY,quotes,2790000.0,Equity,"The TJX Companies, Inc.",NYSE,Consumer Cyclical,Apparel Retail,True,True,,
KIM,20.5,12678921344.0,3437400,NYQ,Kimco Realty Corporation (HC),EQUITY,quotes,2178900.0,Equity,Kimco Realty Corporation,NYSE,Real Estate,REIT—Retail,False,True,,
EBAY,45.75,24826649616.0,4235400,NMS,eBay Inc.,EQUITY,quotes,2749800.0,Equity,eBay Inc.,NASDAQ,Consumer Cyclical,Internet Retail,True,True,,
PPG,133.22999572753906,31312647271.69629,2651000,NYQ,"PPG Industries, Inc.",EQUITY,quotes,2327200.0,Equity,"PPG Industries, Inc.",NYSE,Basic Materials,Specialty Chemicals,True,True,,
EQIX,675.97998046875,62553900326.69531,443000,NMS,"Equinix, Inc.",EQUITY,quotes,2374800.0,Equity,"Equinix, Inc.",NASDAQ,Real Estate,REIT—Specialty,True,True,"Equinix, Inc. (REIT)",2023-03-02
TRGP,76.29000091552734,17270149567.57251,1868800,NYQ,"Targa Resources, Inc.",EQUITY,quotes,2241600.0,Equity,Targa Resources Corp.,NYSE,Energy,Oil & Gas Midstream,True,True,,
ALGN,308.5299987792969,24100018676.64795,932000,NMS,"Align Technology, Inc.",EQUITY,quotes,2544100.0,Equity,"Align Technology, Inc.",NASDAQ,Healthcare,Medical Devices,True,True,,
ACGL,70.97000122070312,26249886693.745117,2655100,NMS,Arch Capital Group Ltd.,EQUITY,quotes,2309100.0,Equity,Arch Capital Group Ltd.,NASDAQ,Financial Services,Insurance—Diversified,True,True,,
WYNN,112.22000122070312,12716097218.322754,3367300,NMS,"Wynn Resorts, Limited",EQUITY,quotes,3505400.0,Equity,"Wynn Resorts, Limited",NASDAQ,Consumer Cyclical,Resorts & Casinos,True,True,,
AFL,68.12000274658203,42356267842.83447,2466500,NYQ,AFLAC Incorporated,EQUITY,quotes,2413500.0,Equity,Aflac Incorporated,NYSE,Financial Services,Insurance—Life,True,True,,
COF,108.58000183105469,41401554698.18115,1976200,NYB,Coffee May 23,FUTURE,quotes,3093000.0,Future,,ICE Futures,,,,True,,
SBAC,254.91000366210938,27521613455.3833,1015700,NMS,SBA Communications Corporation,EQUITY,quotes,2855600.0,Equity,SBA Communications Corporation,NASDAQ,Real Estate,REIT—Specialty,True,True,SBA Communications Corporation (REIT),2023-03-02
GPN,111.68000030517578,30198382869.079834,1337200,NYQ,Global Payments Inc.,EQUITY,quotes,2442500.0,Equity,Global Payments Inc.,NYSE,Industrials,Specialty Business Services,True,True,,
LLY,314.1700134277344,298517429992.0176,3579500,NYQ,Eli Lilly and Company,EQUITY,quotes,8578300.0,Equity,Eli Lilly and Company,NYSE,Healthcare,Drug Manufacturers—General,True,True,,
HCA,244.3000030517578,69067762008.38379,917900,NYQ,"HCA Healthcare, Inc.",EQUITY,quotes,2427800.0,Equity,"HCA Healthcare, Inc.",NYSE,Healthcare,Medical Care Facilities,False,True,,
MLM,357.5400085449219,22199909408.56018,277300,NYQ,"Martin Marietta Materials, Inc.",EQUITY,quotes,2206500.0,Equity,"Martin Marietta Materials, Inc.",NYSE,Basic Materials,Building Materials,True,True,,
AAL,16.030000686645508,10429791450.280396,11700100,NMS,"American Airlines Group, Inc.",EQUITY,quotes,5271300.0,Equity,American Airlines Group Inc.,NASDAQ,Industrials,Airlines,True,True,,
HIG,77.54000091552734,24665397371.54834,3141600,NYQ,Hartford Financial Services Gro,EQUITY,quotes,2267000.0,Equity,"The Hartford Financial Services Group, Inc.",NYSE,Financial Services,Insurance—Diversified,False,True,,
LEN,95.63999938964844,27107626056.765625,1859600,NYQ,Lennar Corporation,EQUITY,quotes,2449900.0,Equity,Lennar Corporation,NYSE,Consumer Cyclical,Residential Construction,False,True,,
FOXA,34.79999923706055,18325332155.0437,2213900,NMS,Fox Corporation,EQUITY,quotes,2165200.0,Equity,Fox Corporation,NASDAQ,Communication Services,Entertainment,True,True,,
MMM,110.20999908447266,60532290065.47119,4911500,NYQ,3M Company,EQUITY,quotes,9831500.0,Equity,3M Company,NYSE,Industrials,Conglomerates,True,True,,
AMP,343.2900085449219,36148437899.78027,348200,NYQ,"Ameriprise Financial, Inc.",EQUITY,quotes,2250100.0,Equity,"Ameriprise Financial, Inc.",NYSE,Financial Services,Asset Management,False,True,,
EQR,60.939998626708984,23886102314.20349,1849700,NYQ,Equity Residential,EQUITY,quotes,2291700.0,Equity,Equity Residential,NYSE,Real Estate,REIT—Residential,True,True,,
PSA,295.70001220703125,52080162284.36328,1586900,NYQ,Public Storage,EQUITY,quotes,2628100.0,Equity,Public Storage,NYSE,Real Estate,REIT—Industrial,True,True,,
MUV2.DE,327.3999938964844,45767245146.78955,103980,GER,MUENCHENER RUECKVERSICHERUNGS A,EQUITY,quotes,2032100.0,Equity,Münchener Rückversicherungs-Gesellschaft Aktiengesellschaft in München,XETRA,Financial Services,Insurance—Reinsurance,,True,,
DE,419.75,124731647392.0,1354000,NYQ,Deere & Company,EQUITY,quotes,3988400.0,Equity,Deere & Company,NYSE,Industrials,Farm & Heavy Construction Machinery,False,True,,
WY,31.68000030517578,23214913636.750977,4393100,NYQ,Weyerhaeuser Company,EQUITY,quotes,2561500.0,Equity,Weyerhaeuser Company,NYSE,Real Estate,REIT—Specialty,False,True,,
SU.PA,152.6999969482422,85376860015.3164,187814,PAR,SCHNEIDER ELECTRIC SE,EQUITY,quotes,2083900.0,Equity,Schneider Electric S.E.,Paris,Industrials,Specialty Industrial Machinery,,True,,
XOM,110.88999938964844,452652963314.625,13197400,NYQ,Exxon Mobil Corporation,EQUITY,quotes,13528100.0,Equity,Exxon Mobil Corporation,NYSE,Energy,Oil & Gas Integrated,True,True,,
SBUX,101.43000030517578,116498441150.5127,5379300,NMS,Starbucks Corporation,EQUITY,quotes,5035800.0,Equity,Starbucks Corporation,NASDAQ,Consumer Cyclical,Restaurants,True,True,,
AME,141.64999389648438,32530487698.303223,733600,NYQ,"AMETEK, Inc.",EQUITY,quotes,2182500.0,Equity,"AMETEK, Inc.",NYSE,Industrials,Specialty Industrial Machinery,False,True,,
WHR,136.57000732421875,7440115487.011719,939800,NYQ,Whirlpool Corporation,EQUITY,quotes,2743700.0,Equity,Whirlpool Corporation,NYSE,Consumer Cyclical,"Furnishings, Fixtures & Appliances",True,True,,
NOC,462.54998779296875,70794659581.27734,588800,NYQ,Northrop Grumman Corporation,EQUITY,quotes,3578500.0,Equity,Northrop Grumman Corporation,NYSE,Industrials,Aerospace & Defense,True,True,,
WTW,232.38999938964844,25153428753.936768,544400,NMS,Willis Towers Watson Public Lim,EQUITY,quotes,2096400.0,Equity,Willis Towers Watson Public Limited Company,NASDAQ,Financial Services,Insurance Brokers,True,True,,
FE,38.7400016784668,22168771950.57422,4978000,NYQ,FirstEnergy Corp.,EQUITY,quotes,2774400.0,Equity,FirstEnergy Corp.,NYSE,Utilities,Utilities—Regulated Electric,False,True,,
MDT,82.08000183105469,109181174209.07227,5248800,NYQ,Medtronic plc.,EQUITY,quotes,3690700.0,Equity,Medtronic plc,NYSE,Healthcare,Medical Devices,True,True,,
MC.PA,793.2000122070312,399690313351.0742,101488,PAR,LVMH,EQUITY,quotes,2512300.0,Equity,"LVMH Moët Hennessy - Louis Vuitton, Société Européenne",Paris,Consumer Cyclical,Luxury Goods,,True,,
CAH,75.9800033569336,19916942199.96643,1902000,NYQ,"Cardinal Health, Inc.",EQUITY,quotes,2447400.0,Equity,"Cardinal Health, Inc.",NYSE,Healthcare,Medical Distribution,True,True,,
SCHW,77.41000366210938,144504347759.08594,7389500,NYQ,Charles Schwab Corporation (The,EQUITY,quotes,2945800.0,Equity,The Charles Schwab Corporation,NYSE,Financial Services,Capital Markets,False,True,,
CI,288.75,88282138560.0,1557000,NYQ,The Cigna Group,EQUITY,quotes,3744500.0,Equity,The Cigna Group,NYSE,Healthcare,Healthcare Plans,False,True,Cigna Corporation,2023-02-27
KR,43.380001068115234,31052359818.6604,6993900,NYQ,Kroger Company (The),EQUITY,quotes,4077600.0,Equity,The Kroger Co.,NYSE,Consumer Defensive,Grocery Stores,False,True,,
NKE,118.58000183105469,183865407639.16016,4117900,NYQ,"Nike, Inc.",EQUITY,quotes,6379500.0,Equity,"NIKE, Inc.",NYSE,Consumer Cyclical,Footwear & Accessories,True,True,,
IBM,128.19000244140625,114899262988.28125,3758100,NYQ,International Business Machines,EQUITY,quotes,7994900.0,Equity,International Business Machines Corporation,NYSE,Technology,Information Technology Services,True,True,,
LIN,350.04998779296875,172420969236.89258,3474000,NYQ,Linde plc,EQUITY,quotes,3313100.0,Equity,Linde plc,NYSE,Basic Materials,Specialty Chemicals,False,True,,
IBE.MC,10.699999809265137,65407065662.87402,1860883,MCE,ACCIONES IBERDROLA,EQUITY,quotes,2094900.0,Equity,"Iberdrola, S.A.",Madrid Stock Exchange CATS,Utilities,Utilities—Diversified,,True,,
CTAS,429.1400146484375,43609208288.57422,317900,NMS,Cintas Corporation,EQUITY,quotes,2269800.0,Equity,Cintas Corporation,NASDAQ,Industrials,Specialty Business Services,True,True,,
AD.AS,29.594999313354492,29017422359.715088,411724,AMS,KONINKLIJKE AHOLD DELHAIZE N.V.,EQUITY,quotes,2142800.0,Equity,Koninklijke Ahold Delhaize N.V.,Amsterdam,Consumer Defensive,Grocery Stores,,True,,
ALL,127.61000061035156,33843448261.871338,1681600,NYQ,Allstate Corporation (The),EQUITY,quotes,2412900.0,Equity,The Allstate Corporation,NYSE,Financial Services,Insurance—Property & Casualty,False,True,,
BBVA.MC,7.241000175476074,43664099514.71777,2329369,MCE,BANCO BILBAO VIZCAYA ARGENTARIA,EQUITY,quotes,2075400.0,Equity,"Banco Bilbao Vizcaya Argentaria, S.A.",Madrid Stock Exchange CATS,Financial Services,Banks—Diversified,,True,,
EIX,64.58999633789062,24665305368.251953,2738900,NYQ,Edison International,EQUITY,quotes,2353700.0,Equity,Edison International,NYSE,Utilities,Utilities—Regulated Electric,True,True,,
CMS,57.779998779296875,16770760205.688477,2680300,NYQ,CMS Energy Corporation,EQUITY,quotes,2167300.0,Equity,CMS Energy Corporation,NYSE,Utilities,Utilities—Regulated Electric,True,True,,
LUV,33.650001525878906,19979755705.993652,3638700,NYQ,Southwest Airlines Company,EQUITY,quotes,3677900.0,Equity,Southwest Airlines Co.,NYSE,Industrials,Airlines,True,True,,
A,137.50999450683594,40712859093.62793,3132800,NYM,Crude Oil Apr 23,FUTURE,quotes,11899000.0,Future,,NY Mercantile,,,,True,,
LKQ,57.41999816894531,15341188470.14795,1688800,NMS,LKQ Corporation,EQUITY,quotes,2287900.0,Equity,LKQ Corporation,NASDAQ,Consumer Cyclical,Auto Parts,True,True,,
UNP,207.99000549316406,127872468358.96289,2774800,NYQ,Union Pacific Corporation,EQUITY,quotes,5032000.0,Equity,Union Pacific Corporation,NYSE,Industrials,Railroads,True,True,,
OMC,91.47000122070312,18652196768.9209,1885800,NYQ,Omnicom Group Inc.,EQUITY,quotes,2180000.0,Equity,Omnicom Group Inc.,NYSE,Communication Services,Advertising Agencies,False,True,,
PFG,91.2300033569336,22214505817.41333,2160100,NMS,Principal Financial Group Inc,EQUITY,quotes,2378900.0,Equity,"Principal Financial Group, Inc.",NASDAQ,Financial Services,Asset Management,True,True,,
LDOS,96.66000366210938,13212455900.57373,545000,NYQ,"Leidos Holdings, Inc.",EQUITY,quotes,2326700.0,Equity,"Leidos Holdings, Inc.",NYSE,Technology,Information Technology Services,True,True,,
GLW,34.33000183105469,28253591506.958008,3563900,NYQ,Corning Incorporated,EQUITY,quotes,2806700.0,Equity,Corning Incorporated,NYSE,Technology,Electronic Components,True,True,,
MRK,106.6500015258789,270400407043.11328,6097400,NYQ,"Merck & Company, Inc.",EQUITY,quotes,6283300.0,Equity,"Merck & Co., Inc.",NYSE,Healthcare,Drug Manufacturers—General,True,True,,
FRC,122.5,22417500000.0,1851000,NYQ,FIRST REPUBLIC BANK,EQUITY,quotes,2142900.0,Equity,First Republic Bank,NYSE,Financial Services,Banks—Regional,True,True,,
EMN,86.37000274658203,10260756326.293945,878400,NYQ,Eastman Chemical Company,EQUITY,quotes,2368700.0,Equity,Eastman Chemical Company,NYSE,Basic Materials,Specialty Chemicals,True,True,,
SYK,259.9700012207031,98380451721.4707,746100,NYQ,Stryker Corporation,EQUITY,quotes,2477700.0,Equity,Stryker Corporation,NYSE,Healthcare,Medical Devices,True,True,,
ITX.MC,28.8700008392334,89855859021.65527,367263,MCE,INDUSTRIA DE DISE...O TEXTIL S.,EQUITY,quotes,2059100.0,Equity,"Industria de Diseño Textil, S.A.",Madrid Stock Exchange CATS,Consumer Cyclical,Apparel Retail,,True,,
REGN,770.4400024414062,83902457145.87402,586000,NMS,"Regeneron Pharmaceuticals, Inc.",EQUITY,quotes,3033500.0,Equity,"Regeneron Pharmaceuticals, Inc.",NASDAQ,Healthcare,Biotechnology,True,True,,
ENPH,212.9499969482422,28945015385.19287,2629200,NGM,"Enphase Energy, Inc.",EQUITY,quotes,7340500.0,Equity,"Enphase Energy, Inc.",NASDAQ,Technology,Solar,True,True,,
HPE,15.539999961853027,19919483248.382446,9208000,NYQ,Hewlett Packard Enterprise Comp,EQUITY,quotes,3359600.0,Equity,Hewlett Packard Enterprise Company,NYSE,Technology,Communication Equipment,True,True,,
COST,478.6700134277344,212399762558.91504,1756900,NMS,Costco Wholesale Corporation,EQUITY,quotes,10429800.0,Equity,Costco Wholesale Corporation,NASDAQ,Consumer Defensive,Discount Stores,True,True,,
DG,213.7899932861328,47798099459.26709,1934100,NYQ,Dollar General Corporation,EQUITY,quotes,2994000.0,Equity,Dollar General Corporation,NYSE,Consumer Defensive,Discount Stores,True,True,,
AEP,86.36000061035156,44377295353.637695,2997900,NMS,American Electric Power Company,EQUITY,quotes,3247800.0,Equity,"American Electric Power Company, Inc.",NASDAQ,Utilities,Utilities—Regulated Electric,True,True,,
ETN,173.8300018310547,69132191728.21045,1676600,NYQ,"Eaton Corporation, PLC",EQUITY,quotes,2535600.0,Equity,Eaton Corporation plc,NYSE,Industrials,Specialty Industrial Machinery,False,True,,
CTLT,69.01000213623047,12419316024.44458,1212300,NYQ,"Catalent, Inc.",EQUITY,quotes,2315500.0,Equity,"Catalent, Inc.",NYSE,Healthcare,Drug Manufacturers—Specialty & Generic,True,True,,
CEG,74.3499984741211,24313786611.410156,2594400,NMS,Constellation Energy Corporatio,EQUITY,quotes,2667400.0,Equity,Constellation Energy Corporation,NASDAQ,Utilities,Utilities—Renewable,True,True,"Exelon Generation Company, LLC",2023-03-02
BBY,82.54000091552734,18263130762.573242,3231600,NYQ,"Best Buy Co., Inc.",EQUITY,quotes,3641700.0,Equity,"Best Buy Co., Inc.",NYSE,Consumer Cyclical,Specialty Retail,True,True,,
AIZ,126.44999694824219,6680530368.771362,270600,NYQ,"Assurant, Inc.",EQUITY,quotes,2116000.0,Equity,"Assurant, Inc.",NYSE,Financial Services,Insurance—Specialty,True,True,,
PEAK,23.639999389648438,12707444515.43164,5966600,NYQ,"Healthpeak Properties, Inc.",EQUITY,quotes,2170800.0,Equity,"Healthpeak Properties, Inc.",NYSE,Real Estate,REIT—Healthcare Facilities,True,True,,
FIS,62.849998474121094,37293869747.37549,9881400,NYQ,Fidelity National Information S,EQUITY,quotes,3117500.0,Equity,"Fidelity National Information Services, Inc.",NYSE,Technology,Information Technology Services,False,True,,
GWW,671.010009765625,33905666086.450195,230000,NYQ,"W.W. Grainger, Inc.",EQUITY,quotes,2392600.0,Equity,"W.W. Grainger, Inc.",NYSE,Industrials,Industrial Distribution,True,True,,
BK,50.52000045776367,40842641365.91675,4165800,NYQ,The Bank of New York Mellon Cor,EQUITY,quotes,2472900.0,Equity,The Bank of New York Mellon Corporation,NYSE,Financial Services,Asset Management,False,True,,
NEE,69.87000274658203,138842879129.57812,11808200,NYQ,"NextEra Energy, Inc.",EQUITY,quotes,6043400.0,Equity,"NextEra Energy, Inc.",NYSE,Utilities,Utilities—Regulated Electric,True,True,,
OR.PA,376.6000061035156,204609036890.47656,111605,PAR,L'OREAL,EQUITY,quotes,2121900.0,Equity,L'Oréal S.A.,Paris,Consumer Defensive,Household & Personal Products,,True,,
HRL,43.83000183105469,23949764920.532227,2263700,NYQ,Hormel Foods Corporation,EQUITY,quotes,2795100.0,Equity,Hormel Foods Corporation,NYSE,Consumer Defensive,Packaged Foods,True,True,,
ED,88.1500015258789,31281174696.67798,1969300,NYQ,"Consolidated Edison, Inc.",EQUITY,quotes,2792500.0,Equity,"Consolidated Edison, Inc.",NYSE,Utilities,Utilities—Regulated Electric,False,True,,
DOW,58.02000045776367,40897137922.66846,4531000,NYQ,Dow Inc.,EQUITY,quotes,4191600.0,Equity,Dow Inc.,NYSE,Basic Materials,Chemicals,False,True,,
XRAY,37.36000061035156,8029112451.171875,2789400,NMS,DENTSPLY SIRONA Inc.,EQUITY,quotes,2762700.0,Equity,DENTSPLY SIRONA Inc.,NASDAQ,Healthcare,Medical Instruments & Supplies,True,True,,
CS.PA,29.815000534057617,69164244801.13623,1163092,PAR,AXA,EQUITY,quotes,2149000.0,Equity,AXA SA,Paris,Financial Services,Insurance—Diversified,,True,,
MSI,263.3500061035156,44032913177.32617,544400,NYQ,"Motorola Solutions, Inc.",EQUITY,quotes,2403900.0,Equity,"Motorola Solutions, Inc.",NYSE,Technology,Communication Equipment,True,True,,
WFC,46.68000030517578,178961782182.4629,13380400,NYQ,Wells Fargo & Company,EQUITY,quotes,5007800.0,Equity,Wells Fargo & Company,NYSE,Financial Services,Banks—Diversified,True,True,,
LH,237.8800048828125,21076168432.617188,388200,NYQ,Laboratory Corporation of Ameri,EQUITY,quotes,2249400.0,Equity,Laboratory Corporation of America Holdings,NYSE,Healthcare,Diagnostics & Research,False,True,,
TTE.PA,58.70000076293945,147585889918.2129,936962,PAR,TOTALENERGIES,EQUITY,quotes,2111300.0,Equity,TotalEnergies SE,Paris,Energy,Oil & Gas Integrated,,True,TOTAL SE,2023-03-02
NCLH,15.140000343322754,6379935584.674835,16986500,NYQ,Norwegian Cruise Line Holdings ,EQUITY,quotes,15406600.0,Equity,Norwegian Cruise Line Holdings Ltd.,NYSE,Consumer Cyclical,Travel Services,True,True,,
DHR,245.36000061035156,178695696296.03906,2884800,NYQ,Danaher Corporation,EQUITY,quotes,3284800.0,Equity,Danaher Corporation,NYSE,Healthcare,Diagnostics & Research,True,True,,
PPL,26.68000030517578,19644964891.586426,6145200,NYQ,PPL Corporation,EQUITY,quotes,2687300.0,Equity,PPL Corporation,NYSE,Utilities,Utilities—Regulated Electric,True,True,,
SAF.PA,133.25999450683594,57006625684.026855,143116,PAR,SAFRAN,EQUITY,quotes,2038500.0,Equity,Safran SA,Paris,Industrials,Aerospace & Defense,,True,,
LW,100.88999938964844,14515145909.308105,1270500,NYQ,"Lamb Weston Holdings, Inc.",EQUITY,quotes,2310200.0,Equity,"Lamb Weston Holdings, Inc.",NYSE,Consumer Defensive,Packaged Foods,False,True,,
ALB,252.63999938964844,29597533848.495483,1311500,NYQ,Albemarle Corporation,EQUITY,quotes,4623900.0,Equity,Albemarle Corporation,NYSE,Basic Materials,Specialty Chemicals,True,True,,
OGN,24.290000915527344,6178501792.877197,2624200,NYQ,Organon & Co.,EQUITY,quotes,2817900.0,Equity,Organon & Co.,NYSE,Healthcare,Drug Manufacturers—General,True,True,,
IFF,91.63999938964844,23364717524.383545,1987800,NYQ,International Flavors & Fragran,EQUITY,quotes,2484200.0,Equity,International Flavors & Fragrances Inc.,NYSE,Basic Materials,Specialty Chemicals,True,True,,
CB,209.5,86857654176.0,1862100,NYQ,Chubb Limited,EQUITY,quotes,2412300.0,Equity,Chubb Limited,NYSE,Financial Services,Insurance—Property & Casualty,False,True,,
HPQ,28.860000610351562,28344733697.694336,10330600,NYQ,HP Inc.,EQUITY,quotes,10787000.0,Equity,HP Inc.,NYSE,Technology,Computer Hardware,True,True,,
TXT,73.19000244140625,15279950585.214844,2005100,NYQ,Textron Inc.,EQUITY,quotes,2460900.0,Equity,Textron Inc.,NYSE,Industrials,Aerospace & Defense,True,True,,
ABC,156.50999450683594,31651955249.084473,965500,NYQ,AmerisourceBergen Corporation,EQUITY,quotes,2254400.0,Equity,AmerisourceBergen Corporation,NYSE,Healthcare,Medical Distribution,False,True,,
IVZ,17.530000686645508,7972381222.036072,5000200,NYQ,Invesco Ltd,EQUITY,quotes,2221500.0,Equity,Invesco Ltd.,NYSE,Financial Services,Asset Management,True,True,,
CTVA,62.150001525878906,44405680879.02832,2758000,NYQ,"Corteva, Inc.",EQUITY,quotes,2495500.0,Equity,"Corteva, Inc.",NYSE,Basic Materials,Agricultural Inputs,True,True,,
PGR,142.22999572753906,83190319949.67773,2346500,NYQ,Progressive Corporation (The),EQUITY,quotes,2647800.0,Equity,The Progressive Corporation,NYSE,Financial Services,Insurance—Property & Casualty,True,True,,
CZR,51.29999923706055,11007235636.299133,1978900,NMS,"Caesars Entertainment, Inc.",EQUITY,quotes,2412300.0,Equity,"Caesars Entertainment, Inc.",NASDAQ,Consumer Cyclical,Resorts & Casinos,True,True,,
ETR,101.41999816894531,21396779853.69873,1384700,NYQ,Entergy Corporation,EQUITY,quotes,2362300.0,Equity,Entergy Corporation,NYSE,Utilities,Utilities—Regulated Electric,False,True,,
PHM,54.220001220703125,12352400678.100586,2327400,NYQ,"PulteGroup, Inc.",EQUITY,quotes,2271200.0,Equity,"PulteGroup, Inc.",NYSE,Consumer Cyclical,Residential Construction,True,True,,
GOOG,90.51000213623047,1165352498882.7422,26272000,NMS,Alphabet Inc.,EQUITY,quotes,22096200.0,Equity,Alphabet Inc.,NASDAQ,Communication Services,Internet Content & Information,True,True,,
ECL,158.52000427246094,45150935776.916504,886800,NYQ,Ecolab Inc.,EQUITY,quotes,2435400.0,Equity,Ecolab Inc.,NYSE,Basic Materials,Specialty Chemicals,True,True,,
APD,288.2799987792969,64022089275.14258,1038100,NYQ,"Air Products and Chemicals, Inc",EQUITY,quotes,2732700.0,Equity,"Air Products and Chemicals, Inc.",NYSE,Basic Materials,Specialty Chemicals,True,True,,
EL,245.8300018310547,87715094613.34229,2012300,NYQ,"Estee Lauder Companies, Inc. (T",EQUITY,quotes,2547500.0,Equity,The Estée Lauder Companies Inc.,NYSE,Consumer Defensive,Household & Personal Products,False,True,,
RJF,106.81999969482422,22966299934.387207,942100,NYQ,"Raymond James Financial, Inc.",EQUITY,quotes,2177100.0,Equity,"Raymond James Financial, Inc.",NYSE,Financial Services,Capital Markets,True,True,,
STZ,219.6999969482422,40545855894.39502,860400,NYQ,"Constellation Brands, Inc.",EQUITY,quotes,2425700.0,Equity,"Constellation Brands, Inc.",NYSE,Consumer Defensive,Beverages—Wineries & Distilleries,True,True,,
CRL,222.9199981689453,11341879710.838318,372800,NYQ,Charles River Laboratories Inte,EQUITY,quotes,2214400.0,Equity,"Charles River Laboratories International, Inc.",NYSE,Healthcare,Diagnostics & Research,False,True,,
K,65.26000213623047,22271998266.974854,1848900,NYQ,Kellogg Company,EQUITY,quotes,3074600.0,Equity,Kellogg Company,NYSE,Consumer Defensive,Packaged Foods,False,True,,
AI.PA,149.25999450683594,78161340657.53516,151407,PAR,AIR LIQUIDE,EQUITY,quotes,2083800.0,Equity,L'Air Liquide S.A.,Paris,Basic Materials,Specialty Chemicals,,True,,
AMAT,117.26000213623047,98859329957.16895,6755300,NMS,"Applied Materials, Inc.",EQUITY,quotes,7623800.0,Equity,"Applied Materials, Inc.",NASDAQ,Technology,Semiconductor Equipment & Materials,True,True,,
INTC,25.329999923706055,104790208063.25195,47781400,NMS,Intel Corporation,EQUITY,quotes,23489700.0,Equity,Intel Corporation,NASDAQ,Technology,Semiconductors,True,True,,
DG.PA,107.44000244140625,60471640992.68359,197295,PAR,VINCI,EQUITY,quotes,2046300.0,Equity,Vinci SA,Paris,Industrials,Engineering & Construction,,True,,
NVDA,226.97999572753906,565634149353.0273,45911000,NMS,NVIDIA Corporation,EQUITY,quotes,52128500.0,Equity,NVIDIA Corporation,NASDAQ,Technology,Semiconductors,True,True,,
EXC,39.75,39501245136.0,7707800,NMS,Exelon Corporation,EQUITY,quotes,2649500.0,Equity,Exelon Corporation,NASDAQ,Utilities,Utilities—Regulated Electric,True,True,,
CMI,249.2100067138672,35144093566.80298,1441400,NYQ,Cummins Inc.,EQUITY,quotes,2784900.0,Equity,Cummins Inc.,NYSE,Industrials,Specialty Industrial Machinery,True,True,,
CMA,70.68000030517578,9256747599.967957,1156600,NYQ,Comerica Incorporated,EQUITY,quotes,2228500.0,Equity,Comerica Incorporated,NYSE,Financial Services,Banks—Regional,True,True,,
